t,state
0,0
0.006257822278,0
0.01251564456,0
0.01877346683,0
0.02503128911,0
0.03128911139,0
0.03754693367,0
0.04380475594,0
0.05006257822,0
0.0563204005,0
0.06257822278,0
0.06883604506,0
0.07509386733,0
0.08135168961,0
0.08760951189,0
0.09386733417,0
0.1001251564,0
0.1063829787,0
0.112640801,0
0.1188986233,0
0.1251564456,0
0.1314142678,0
0.1376720901,0
0.1439299124,0
0.1501877347,0
0.1564455569,0
0.1627033792,0
0.1689612015,0
0.1752190238,0
0.1814768461,0
0.1877346683,0
0.1939924906,0
0.2002503129,0
0.2065081352,0
0.2127659574,0
0.2190237797,0
0.225281602,0
0.2315394243,0
0.2377972466,0
0.2440550688,0
0.2503128911,0
0.2565707134,0
0.2628285357,0
0.2690863579,0
0.2753441802,0
0.2816020025,0
0.2878598248,0
0.2941176471,0
0.3003754693,0
0.3066332916,0
0.3128911139,0
0.3191489362,0
0.3254067584,0
0.3316645807,0
0.337922403,0
0.3441802253,1
0.3504380476,1
0.3566958698,1
0.3629536921,0
0.3692115144,0
0.3754693367,0
0.3817271589,0
0.3879849812,0
0.3942428035,0
0.4005006258,0
0.4067584481,0
0.4130162703,0
0.4192740926,0
0.4255319149,0
0.4317897372,0
0.4380475594,0
0.4443053817,0
0.450563204,0
0.4568210263,0
0.4630788486,0
0.4693366708,0
0.4755944931,0
0.4818523154,0
0.4881101377,0
0.4943679599,0
0.5006257822,0
0.5068836045,0
0.5131414268,0
0.5193992491,0
0.5256570713,0
0.5319148936,0
0.5381727159,0
0.5444305382,0
0.5506883605,0
0.5569461827,0
0.563204005,0
0.5694618273,0
0.5757196496,0
0.5819774718,0
0.5882352941,0
0.5944931164,0
0.6007509387,0
0.607008761,0
0.6132665832,0
0.6195244055,0
0.6257822278,0
0.6320400501,0
0.6382978723,1
0.6445556946,1
0.6508135169,1
0.6570713392,1
0.6633291615,1
0.6695869837,1
0.675844806,1
0.6821026283,1
0.6883604506,1
0.6946182728,1
0.7008760951,1
0.7071339174,1
0.7133917397,1
0.719649562,1
0.7259073842,1
0.7321652065,1
0.7384230288,1
0.7446808511,1
0.7509386733,1
0.7571964956,1
0.7634543179,1
0.7697121402,1
0.7759699625,1
0.7822277847,1
0.788485607,1
0.7947434293,1
0.8010012516,1
0.8072590738,1
0.8135168961,1
0.8197747184,1
0.8260325407,1
0.832290363,1
0.8385481852,1
0.8448060075,1
0.8510638298,1
0.8573216521,1
0.8635794743,1
0.8698372966,1
0.8760951189,1
0.8823529412,1
0.8886107635,1
0.8948685857,1
0.901126408,1
0.9073842303,1
0.9136420526,1
0.9198998748,1
0.9261576971,1
0.9324155194,1
0.9386733417,1
0.944931164,1
0.9511889862,1
0.9574468085,1
0.9637046308,1
0.9699624531,1
0.9762202753,1
0.9824780976,1
0.9887359199,1
0.9949937422,1
1.001251564,1
1.007509387,1
1.013767209,1
1.020025031,1
1.026282854,1
1.032540676,1
1.038798498,1
1.04505632,1
1.051314143,1
1.057571965,1
1.063829787,1
1.07008761,1
1.076345432,1
1.082603254,1
1.088861076,1
1.095118899,1
1.101376721,1
1.107634543,1
1.113892365,1
1.120150188,1
1.12640801,1
1.132665832,1
1.138923655,1
1.145181477,1
1.151439299,1
1.157697121,1
1.163954944,1
1.170212766,1
1.176470588,1
1.182728411,1
1.188986233,1
1.195244055,1
1.201501877,1
1.2077597,1
1.214017522,1
1.220275344,1
1.226533166,1
1.232790989,1
1.239048811,1
1.245306633,1
1.251564456,1
1.257822278,1
1.2640801,1
1.270337922,1
1.276595745,1
1.282853567,1
1.289111389,1
1.295369212,1
1.301627034,1
1.307884856,1
1.314142678,0
1.320400501,0
1.326658323,0
1.332916145,0
1.339173967,0
1.34543179,0
1.351689612,0
1.357947434,0
1.364205257,0
1.370463079,0
1.376720901,0
1.382978723,0
1.389236546,0
1.395494368,0
1.40175219,0
1.408010013,0
1.414267835,0
1.420525657,0
1.426783479,0
1.433041302,0
1.439299124,0
1.445556946,0
1.451814768,0
1.458072591,0
1.464330413,0
1.470588235,0
1.476846058,0
1.48310388,0
1.489361702,0
1.495619524,0
1.501877347,0
1.508135169,0
1.514392991,0
1.520650814,0
1.526908636,0
1.533166458,0
1.53942428,0
1.545682103,0
1.551939925,0
1.558197747,0
1.564455569,0
1.570713392,0
1.576971214,0
1.583229036,0
1.589486859,0
1.595744681,0
1.602002503,0
1.608260325,0
1.614518148,0
1.62077597,0
1.627033792,0
1.633291615,0
1.639549437,0
1.645807259,0
1.652065081,0
1.658322904,0
1.664580726,0
1.670838548,0
1.67709637,0
1.683354193,0
1.689612015,0
1.695869837,0
1.70212766,0
1.708385482,0
1.714643304,0
1.720901126,0
1.727158949,0
1.733416771,0
1.739674593,0
1.745932416,0
1.752190238,0
1.75844806,0
1.764705882,0
1.770963705,0
1.777221527,0
1.783479349,0
1.789737171,0
1.795994994,0
1.802252816,0
1.808510638,0
1.814768461,0
1.821026283,0
1.827284105,0
1.833541927,0
1.83979975,0
1.846057572,0
1.852315394,0
1.858573217,0
1.864831039,0
1.871088861,0
1.877346683,0
1.883604506,0
1.889862328,0
1.89612015,0
1.902377972,0
1.908635795,0
1.914893617,0
1.921151439,0
1.927409262,0
1.933667084,0
1.939924906,0
1.946182728,0
1.952440551,0
1.958698373,0
1.964956195,0
1.971214018,0
1.97747184,0
1.983729662,0
1.989987484,0
1.996245307,0
2.002503129,0
2.008760951,0
2.015018773,0
2.021276596,0
2.027534418,0
2.03379224,0
2.040050063,0
2.046307885,0
2.052565707,0
2.058823529,0
2.065081352,0
2.071339174,0
2.077596996,0
2.083854819,0
2.090112641,0
2.096370463,0
2.102628285,0
2.108886108,0
2.11514393,0
2.121401752,0
2.127659574,0
2.133917397,0
2.140175219,0
2.146433041,0
2.152690864,0
2.158948686,0
2.165206508,0
2.17146433,0
2.177722153,0
2.183979975,0
2.190237797,0
2.19649562,0
2.202753442,0
2.209011264,0
2.215269086,0
2.221526909,0
2.227784731,0
2.234042553,0
2.240300375,0
2.246558198,0
2.25281602,0
2.259073842,0
2.265331665,0
2.271589487,0
2.277847309,0
2.284105131,0
2.290362954,0
2.296620776,0
2.302878598,0
2.309136421,0
2.315394243,0
2.321652065,0
2.327909887,0
2.33416771,0
2.340425532,0
2.346683354,0
2.352941176,0
2.359198999,0
2.365456821,0
2.371714643,0
2.377972466,0
2.384230288,0
2.39048811,0
2.396745932,0
2.403003755,0
2.409261577,0
2.415519399,0
2.421777222,0
2.428035044,0
2.434292866,0
2.440550688,0
2.446808511,0
2.453066333,0
2.459324155,0
2.465581977,0
2.4718398,0
2.478097622,0
2.484355444,0
2.490613267,0
2.496871089,0
2.503128911,0
2.509386733,0
2.515644556,0
2.521902378,0
2.5281602,0
2.534418023,0
2.540675845,0
2.546933667,0
2.553191489,0
2.559449312,0
2.565707134,0
2.571964956,0
2.578222778,0
2.584480601,0
2.590738423,0
2.596996245,0
2.603254068,0
2.60951189,0
2.615769712,0
2.622027534,0
2.628285357,0
2.634543179,0
2.640801001,0
2.647058824,0
2.653316646,0
2.659574468,0
2.66583229,0
2.672090113,0
2.678347935,0
2.684605757,0
2.690863579,0
2.697121402,0
2.703379224,0
2.709637046,0
2.715894869,0
2.722152691,1
2.728410513,1
2.734668335,1
2.740926158,1
2.74718398,1
2.753441802,1
2.759699625,1
2.765957447,1
2.772215269,1
2.778473091,1
2.784730914,1
2.790988736,1
2.797246558,1
2.80350438,1
2.809762203,1
2.816020025,1
2.822277847,1
2.82853567,1
2.834793492,1
2.841051314,1
2.847309136,1
2.853566959,1
2.859824781,1
2.866082603,1
2.872340426,1
2.878598248,1
2.88485607,1
2.891113892,1
2.897371715,1
2.903629537,1
2.909887359,1
2.916145181,1
2.922403004,1
2.928660826,1
2.934918648,1
2.941176471,1
2.947434293,1
2.953692115,1
2.959949937,1
2.96620776,1
2.972465582,1
2.978723404,1
2.984981227,1
2.991239049,1
2.997496871,1
3.003754693,1
3.010012516,1
3.016270338,1
3.02252816,1
3.028785982,1
3.035043805,1
3.041301627,1
3.047559449,1
3.053817272,1
3.060075094,1
3.066332916,1
3.072590738,1
3.078848561,1
3.085106383,1
3.091364205,1
3.097622028,1
3.10387985,1
3.110137672,1
3.116395494,1
3.122653317,1
3.128911139,1
3.135168961,1
3.141426783,1
3.147684606,1
3.153942428,1
3.16020025,1
3.166458073,1
3.172715895,1
3.178973717,1
3.185231539,1
3.191489362,1
3.197747184,1
3.204005006,1
3.210262829,1
3.216520651,1
3.222778473,1
3.229036295,1
3.235294118,1
3.24155194,1
3.247809762,1
3.254067584,1
3.260325407,1
3.266583229,1
3.272841051,1
3.279098874,1
3.285356696,1
3.291614518,1
3.29787234,1
3.304130163,1
3.310387985,1
3.316645807,1
3.32290363,1
3.329161452,1
3.335419274,1
3.341677096,1
3.347934919,1
3.354192741,1
3.360450563,1
3.366708385,1
3.372966208,1
3.37922403,1
3.385481852,1
3.391739675,1
3.397997497,1
3.404255319,1
3.410513141,1
3.416770964,1
3.423028786,1
3.429286608,1
3.435544431,1
3.441802253,1
3.448060075,1
3.454317897,1
3.46057572,1
3.466833542,1
3.473091364,1
3.479349186,1
3.485607009,1
3.491864831,1
3.498122653,1
3.504380476,1
3.510638298,1
3.51689612,1
3.523153942,1
3.529411765,1
3.535669587,1
3.541927409,1
3.548185232,1
3.554443054,1
3.560700876,1
3.566958698,1
3.573216521,1
3.579474343,1
3.585732165,1
3.591989987,1
3.59824781,1
3.604505632,1
3.610763454,1
3.617021277,1
3.623279099,1
3.629536921,1
3.635794743,1
3.642052566,1
3.648310388,1
3.65456821,1
3.660826033,1
3.667083855,1
3.673341677,1
3.679599499,1
3.685857322,1
3.692115144,1
3.698372966,1
3.704630788,1
3.710888611,1
3.717146433,1
3.723404255,1
3.729662078,1
3.7359199,1
3.742177722,1
3.748435544,1
3.754693367,1
3.760951189,1
3.767209011,1
3.773466834,1
3.779724656,1
3.785982478,1
3.7922403,1
3.798498123,1
3.804755945,1
3.811013767,1
3.817271589,1
3.823529412,1
3.829787234,1
3.836045056,1
3.842302879,1
3.848560701,1
3.854818523,1
3.861076345,1
3.867334168,1
3.87359199,1
3.879849812,1
3.886107635,1
3.892365457,1
3.898623279,1
3.904881101,1
3.911138924,1
3.917396746,1
3.923654568,1
3.92991239,1
3.936170213,1
3.942428035,1
3.948685857,1
3.95494368,1
3.961201502,1
3.967459324,1
3.973717146,1
3.979974969,1
3.986232791,1
3.992490613,1
3.998748436,1
4.005006258,1
4.01126408,1
4.017521902,1
4.023779725,1
4.030037547,1
4.036295369,1
4.042553191,1
4.048811014,1
4.055068836,1
4.061326658,1
4.067584481,1
4.073842303,1
4.080100125,1
4.086357947,1
4.09261577,1
4.098873592,1
4.105131414,1
4.111389237,1
4.117647059,1
4.123904881,1
4.130162703,1
4.136420526,1
4.142678348,1
4.14893617,1
4.155193992,1
4.161451815,1
4.167709637,1
4.173967459,1
4.180225282,1
4.186483104,1
4.192740926,1
4.198998748,1
4.205256571,1
4.211514393,1
4.217772215,1
4.224030038,1
4.23028786,1
4.236545682,1
4.242803504,1
4.249061327,1
4.255319149,1
4.261576971,1
4.267834793,1
4.274092616,1
4.280350438,1
4.28660826,1
4.292866083,1
4.299123905,1
4.305381727,1
4.311639549,1
4.317897372,1
4.324155194,1
4.330413016,1
4.336670839,1
4.342928661,1
4.349186483,1
4.355444305,1
4.361702128,1
4.36795995,1
4.374217772,1
4.380475594,1
4.386733417,1
4.392991239,1
4.399249061,1
4.405506884,1
4.411764706,1
4.418022528,1
4.42428035,1
4.430538173,1
4.436795995,1
4.443053817,1
4.44931164,1
4.455569462,1
4.461827284,1
4.468085106,1
4.474342929,1
4.480600751,1
4.486858573,1
4.493116395,1
4.499374218,1
4.50563204,1
4.511889862,1
4.518147685,1
4.524405507,1
4.530663329,1
4.536921151,1
4.543178974,1
4.549436796,1
4.555694618,1
4.561952441,1
4.568210263,1
4.574468085,1
4.580725907,1
4.58698373,1
4.593241552,1
4.599499374,1
4.605757196,1
4.612015019,1
4.618272841,1
4.624530663,1
4.630788486,1
4.637046308,1
4.64330413,1
4.649561952,1
4.655819775,1
4.662077597,1
4.668335419,1
4.674593242,1
4.680851064,1
4.687108886,1
4.693366708,1
4.699624531,1
4.705882353,1
4.712140175,1
4.718397997,1
4.72465582,1
4.730913642,1
4.737171464,1
4.743429287,1
4.749687109,1
4.755944931,1
4.762202753,1
4.768460576,1
4.774718398,1
4.78097622,1
4.787234043,1
4.793491865,1
4.799749687,1
4.806007509,1
4.812265332,1
4.818523154,1
4.824780976,1
4.831038798,1
4.837296621,1
4.843554443,1
4.849812265,1
4.856070088,1
4.86232791,1
4.868585732,1
4.874843554,1
4.881101377,1
4.887359199,1
4.893617021,1
4.899874844,1
4.906132666,1
4.912390488,1
4.91864831,1
4.924906133,1
4.931163955,1
4.937421777,1
4.943679599,1
4.949937422,1
4.956195244,1
4.962453066,1
4.968710889,1
4.974968711,1
4.981226533,1
4.987484355,1
4.993742178,1
5,1
