t,x
0,0.6666666667
0.002,0.6671257685
0.004,0.6666407182
0.006,0.6689793895
0.008,0.6693482219
0.01,0.6673781125
0.012,0.66869385
0.014,0.6734396007
0.016,0.6768484192
0.018,0.6742274812
0.02,0.66957457
0.022,0.6672837292
0.024,0.667430893
0.026,0.658938929
0.028,0.6581840694
0.03,0.6536710928
0.032,0.6510622049
0.034,0.6491568834
0.036,0.6480994182
0.038,0.6497243131
0.04,0.6536567971
0.042,0.6532632298
0.044,0.6583582861
0.046,0.6559716329
0.048,0.6573244739
0.05,0.660691071
0.052,0.6610709774
0.054,0.6583839852
0.056,0.6550575785
0.058,0.6534485942
0.06,0.6543359172
0.062,0.6507062896
0.064,0.6500336928
0.066,0.6495484679
0.068,0.6516387029
0.07,0.6525170999
0.072,0.6539065021
0.074,0.6515842217
0.076,0.651198765
0.078,0.654170803
0.08,0.6597245117
0.082,0.6551567543
0.084,0.6607776909
0.086,0.6657383078
0.088,0.6685978169
0.09,0.6695511859
0.092,0.6683888353
0.094,0.6736990017
0.096,0.6807957579
0.098,0.6872546746
0.1,0.6918960078
0.102,0.6930371952
0.104,0.6885106657
0.106,0.6883634713
0.108,0.6906108144
0.11,0.6858051514
0.112,0.68712271
0.114,0.6885575268
0.116,0.6909468199
0.118,0.6865169007
0.12,0.6839996563
0.122,0.6823124145
0.124,0.677972163
0.126,0.6842286196
0.128,0.6823244029
0.13,0.6834246097
0.132,0.6823858408
0.134,0.6880393669
0.136,0.6926936098
0.138,0.6948274418
0.14,0.6866978191
0.142,0.6867661826
0.144,0.6891231664
0.146,0.692623374
0.148,0.6902334262
0.15,0.6966860119
0.152,0.6917389498
0.154,0.6891957764
0.156,0.6924459531
0.158,0.6924686594
0.16,0.6995544596
0.162,0.7000369649
0.164,0.6975537618
0.166,0.6960058344
0.168,0.691889577
0.17,0.6871171503
0.172,0.6892786631
0.174,0.6912470372
0.176,0.6957828404
0.178,0.692882964
0.18,0.6988324777
0.182,0.6976028266
0.184,0.7030990507
0.186,0.7013218859
0.188,0.6984634805
0.19,0.6991738456
0.192,0.702698941
0.194,0.7030626728
0.196,0.7007356308
0.198,0.695696749
0.2,0.6904609588
0.202,0.6921372793
0.204,0.6955636919
0.206,0.6947969273
0.208,0.690746724
0.21,0.6937612249
0.212,0.6889710673
0.214,0.6862553544
0.216,0.6883887397
0.218,0.6801092568
0.22,0.6814322936
0.222,0.6792316406
0.224,0.6795533991
0.226,0.6792009949
0.228,0.6798603292
0.23,0.6823033526
0.232,0.6794566433
0.234,0.68454365
0.236,0.6870698736
0.238,0.6900046672
0.24,0.6940807313
0.242,0.6967623943
0.244,0.6996289762
0.246,0.6997037979
0.248,0.6943606828
0.25,0.6937065517
0.252,0.6907630801
0.254,0.6854705412
0.256,0.6862947757
0.258,0.6841162955
0.26,0.6802759707
0.262,0.6764052999
0.264,0.6773234027
0.266,0.6785639027
0.268,0.6832998588
0.27,0.6831495684
0.272,0.6868313443
0.274,0.6917918371
0.276,0.6958011386
0.278,0.6870843458
0.28,0.6914138742
0.282,0.6924939454
0.284,0.6938713158
0.286,0.6950497187
0.288,0.696262096
0.29,0.6972378423
0.292,0.6957589608
0.294,0.6887167886
0.296,0.6881900897
0.298,0.6851499195
0.3,0.6889557856
0.302,0.6877764752
0.304,0.6879522027
0.306,0.6847470297
0.308,0.6827867028
0.31,0.6826481252
0.312,0.6771610164
0.314,0.6781916677
0.316,0.6777368742
0.318,0.6733588275
0.32,0.6645835705
0.322,0.6664709334
0.324,0.6653854048
0.326,0.6634568456
0.328,0.6626127524
0.33,0.6692799839
0.332,0.6690826349
0.334,0.6693841412
0.336,0.6639433503
0.338,0.6699810619
0.34,0.6733072014
0.342,0.6771535398
0.344,0.6772640089
0.346,0.6805342467
0.348,0.6817984853
0.35,0.6839340027
0.352,0.6832782788
0.354,0.677830362
0.356,0.681504464
0.358,0.6743893872
0.36,0.6734694669
0.362,0.6726837472
0.364,0.66884826
0.366,0.6710721472
0.368,0.6703154232
0.37,0.6687004973
0.372,0.6705850396
0.374,0.6688238677
0.376,0.6738786578
0.378,0.6751152428
0.38,0.6733380283
0.382,0.6662163317
0.384,0.6614429878
0.386,0.6654506411
0.388,0.6652730731
0.39,0.664247068
0.392,0.670267334
0.394,0.6655684854
0.396,0.6634356741
0.398,0.6617273243
0.4,0.6639019234
0.402,0.6614931131
0.404,0.6592799278
0.406,0.6534468582
0.408,0.6562025546
0.41,0.6592204723
0.412,0.6575208171
0.414,0.6581741674
0.416,0.653490038
0.418,0.6518377878
0.42,0.6569862289
0.422,0.657541726
0.424,0.6660615487
0.426,0.6631901057
0.428,0.6653326248
0.43,0.6646263857
0.432,0.6667062822
0.434,0.6666797127
0.436,0.6646304387
0.438,0.6614721494
0.44,0.6727206869
0.442,0.6724025805
0.444,0.6650202177
0.446,0.66266028
0.448,0.6651638863
0.45,0.6633461017
0.452,0.6683398542
0.454,0.6719877587
0.456,0.6714006812
0.458,0.669651052
0.46,0.6659682396
0.462,0.6634158444
0.464,0.6580496379
0.466,0.6625133617
0.468,0.6683557391
0.47,0.6637617432
0.472,0.6594595787
0.474,0.6530276996
0.476,0.6495720803
0.478,0.6382594288
0.48,0.6342146608
0.482,0.6392023225
0.484,0.6380919575
0.486,0.6414171667
0.488,0.6397663747
0.49,0.6464213542
0.492,0.6472757693
0.494,0.6459871332
0.496,0.655503343
0.498,0.6543805697
0.5,0.6499745111
0.502,0.6508165357
0.504,0.6507689906
0.506,0.6547811873
0.508,0.6514722027
0.51,0.6545184756
0.512,0.6577193149
0.514,0.6553267831
0.516,0.6559934347
0.518,0.6530118797
0.52,0.6617032376
0.522,0.6591570828
0.524,0.657543094
0.526,0.6536926525
0.528,0.6525005063
0.53,0.6525639333
0.532,0.655466907
0.534,0.6532955807
0.536,0.6526940638
0.538,0.6475785808
0.54,0.6446503143
0.542,0.6549279383
0.544,0.6588171534
0.546,0.6560025066
0.548,0.6511635169
0.55,0.6476735606
0.552,0.6477077533
0.554,0.6479492131
0.556,0.6453244858
0.558,0.6407171836
0.56,0.64611697
0.562,0.6479022515
0.564,0.6466375184
0.566,0.6459459232
0.568,0.6441217093
0.57,0.6334457983
0.572,0.6340726898
0.574,0.6303116871
0.576,0.6268189525
0.578,0.6246854531
0.58,0.6276530984
0.582,0.623550925
0.584,0.6184883597
0.586,0.621155676
0.588,0.6242299243
0.59,0.6209277279
0.592,0.6232906738
0.594,0.6224688558
0.596,0.6238522918
0.598,0.6194314611
0.6,0.6228095752
0.602,0.6275380739
0.604,0.6301329949
0.606,0.6324187089
0.608,0.6186740125
0.61,0.61993063
0.612,0.6201165187
0.614,0.6198495929
0.616,0.6177878744
0.618,0.6182869837
0.62,0.6201091599
0.622,0.6194086142
0.624,0.6179706209
0.626,0.6228344876
0.628,0.6189954434
0.63,0.62310972
0.632,0.6240271504
0.634,0.6212994875
0.636,0.6204949629
0.638,0.6173549815
0.64,0.6201610072
0.642,0.6217323634
0.644,0.6199348619
0.646,0.6161205969
0.648,0.6175462731
0.65,0.6214006856
0.652,0.6212496129
0.654,0.623075522
0.656,0.6219417474
0.658,0.6224609288
0.66,0.6216450604
0.662,0.6230068569
0.664,0.6176663733
0.666,0.6203554592
0.668,0.6197792752
0.67,0.6213928759
0.672,0.6204009608
0.674,0.6218684711
0.676,0.6181555646
0.678,0.6228670949
0.68,0.6168080824
0.682,0.6132421709
0.684,0.6144403194
0.686,0.620198831
0.688,0.6215107569
0.69,0.6208612576
0.692,0.6158437673
0.694,0.6154370743
0.696,0.61567049
0.698,0.6222664946
0.7,0.6248420897
0.702,0.6194226834
0.704,0.6272368722
0.706,0.6260099071
0.708,0.6229939216
0.71,0.6287287347
0.712,0.6287721134
0.714,0.6276389854
0.716,0.6286836527
0.718,0.6320402829
0.72,0.6359219884
0.722,0.6310273628
0.724,0.6386355061
0.726,0.6422972974
0.728,0.6410462708
0.73,0.6381820863
0.732,0.6347770649
0.734,0.6354242726
0.736,0.6332179441
0.738,0.6305908962
0.74,0.6338094406
0.742,0.6353540983
0.744,0.6340843836
0.746,0.6369935312
0.748,0.6422197839
0.75,0.6383334576
0.752,0.6362772636
0.754,0.6399405721
0.756,0.6427523084
0.758,0.6437309722
0.76,0.6481494997
0.762,0.6442595181
0.764,0.6389477191
0.766,0.6359172756
0.768,0.63655437
0.77,0.6337955042
0.772,0.6321918655
0.774,0.6287927845
0.776,0.6267225902
0.778,0.6232387385
0.78,0.6248627796
0.782,0.628061285
0.784,0.6265133604
0.786,0.6259861411
0.788,0.6240764706
0.79,0.6263026054
0.792,0.626874862
0.794,0.6330208733
0.796,0.6291724943
0.798,0.6307396135
0.8,0.6325981002
0.802,0.6314696616
0.804,0.6338395495
0.806,0.6287195012
0.808,0.6367932823
0.81,0.6320174759
0.812,0.6356273929
0.814,0.6316724912
0.816,0.6361396775
0.818,0.6349018505
0.82,0.6356777682
0.822,0.636060736
0.824,0.640309553
0.826,0.6392820223
0.828,0.6285010093
0.83,0.6259152201
0.832,0.6268407256
0.834,0.6254474751
0.836,0.6285488978
0.838,0.6325376759
0.84,0.6321960012
0.842,0.6268935454
0.844,0.6322612704
0.846,0.6364731543
0.848,0.6355495233
0.85,0.6435239207
0.852,0.642377856
0.854,0.6383337661
0.856,0.6379285787
0.858,0.6420788874
0.86,0.6387719
0.862,0.6461382793
0.864,0.642962694
0.866,0.6466208174
0.868,0.6487440771
0.87,0.6482853076
0.872,0.652368248
0.874,0.6469482615
0.876,0.6520602438
0.878,0.6519140709
0.88,0.6500109655
0.882,0.6528635298
0.884,0.6568365339
0.886,0.6597167529
0.888,0.6670786117
0.89,0.671021784
0.892,0.6756746965
0.894,0.6736560143
0.896,0.6740020272
0.898,0.6760080742
0.9,0.6758874676
0.902,0.6769297438
0.904,0.6784180803
0.906,0.6814166997
0.908,0.6809592342
0.91,0.679603057
0.912,0.676515566
0.914,0.6732123748
0.916,0.6774437655
0.918,0.6770717238
0.92,0.679871574
0.922,0.6750785583
0.924,0.6679732577
0.926,0.664136556
0.928,0.668342597
0.93,0.6722301569
0.932,0.6734066774
0.934,0.6704445388
0.936,0.669944925
0.938,0.6688393254
0.94,0.6675676516
0.942,0.6584144648
0.944,0.6553215943
0.946,0.6546925382
0.948,0.6603264025
0.95,0.6609527887
0.952,0.6661133416
0.954,0.6646787489
0.956,0.6637673006
0.958,0.6495305491
0.96,0.6513360461
0.962,0.6534371927
0.964,0.6599887791
0.966,0.6582470004
0.968,0.6586424045
0.97,0.6561065858
0.972,0.6518578876
0.974,0.6493284179
0.976,0.6481645266
0.978,0.6532591212
0.98,0.6533476826
0.982,0.650526553
0.984,0.6511445845
0.986,0.6520367862
0.988,0.6496418053
0.99,0.6539450203
0.992,0.6470932583
0.994,0.6464252414
0.996,0.6489935319
0.998,0.6441800228
1,0.6456451317
1.002,0.6505293092
1.004,0.6522927011
1.006,0.6461741763
1.008,0.6436177833
1.01,0.6482945385
1.012,0.6495016171
1.014,0.6495683767
1.016,0.6512923
1.018,0.6540325809
1.02,0.6515092086
1.022,0.6505337519
1.024,0.6511555439
1.026,0.6492508379
1.028,0.6488648645
1.03,0.6537423651
1.032,0.6502688459
1.034,0.6574455387
1.036,0.6643869497
1.038,0.6581386853
1.04,0.6576732671
1.042,0.6589827732
1.044,0.6562425741
1.046,0.6535885178
1.048,0.6527958259
1.05,0.6555921509
1.052,0.6537837328
1.054,0.6605633198
1.056,0.6616611958
1.058,0.6613159743
1.06,0.6666506343
1.062,0.6689375998
1.064,0.6702712701
1.066,0.6690421243
1.068,0.6756457074
1.07,0.6785461882
1.072,0.6777354742
1.074,0.6719338991
1.076,0.6732614296
1.078,0.6690558538
1.08,0.6627813862
1.082,0.6617838967
1.084,0.6628428607
1.086,0.667555473
1.088,0.6685811646
1.09,0.6715107311
1.092,0.6670135146
1.094,0.6669291684
1.096,0.6673811043
1.098,0.670524452
1.1,0.6709244854
1.102,0.6738303279
1.104,0.6719512231
1.106,0.6732239895
1.108,0.6746957938
1.11,0.6700978445
1.112,0.6707174086
1.114,0.6695250839
1.116,0.662562644
1.118,0.6660922563
1.12,0.6647740971
1.122,0.6616707559
1.124,0.6603203866
1.126,0.6608643
1.128,0.6664171888
1.13,0.6658127266
1.132,0.6675433908
1.134,0.6725520839
1.136,0.6744607179
1.138,0.6783043773
1.14,0.6765021932
1.142,0.6792482505
1.144,0.6789620637
1.146,0.6827933556
1.148,0.6790543424
1.15,0.6761467281
1.152,0.6807061015
1.154,0.679909647
1.156,0.6785259757
1.158,0.6787368117
1.16,0.6761581238
1.162,0.6809473955
1.164,0.6763249068
1.166,0.6757190466
1.168,0.6769273167
1.17,0.6764858364
1.172,0.6735081885
1.174,0.670304376
1.176,0.6718337502
1.178,0.6680472632
1.18,0.6703975023
1.182,0.6648175062
1.184,0.6628006846
1.186,0.6629566434
1.188,0.6584003344
1.19,0.6608381082
1.192,0.6608052376
1.194,0.6570488935
1.196,0.6515404372
1.198,0.6458821347
1.2,0.6461946384
1.202,0.642061019
1.204,0.637179041
1.206,0.6365023637
1.208,0.6450931498
1.21,0.6462441909
1.212,0.6491737651
1.214,0.6500605387
1.216,0.6530369712
1.218,0.6481894804
1.22,0.6467174812
1.222,0.6477986073
1.224,0.6478459314
1.226,0.6472528652
1.228,0.644920275
1.23,0.6440996088
1.232,0.6413842171
1.234,0.6326091792
1.236,0.6283964412
1.238,0.6303876512
1.24,0.636367802
1.242,0.6432466736
1.244,0.6437435702
1.246,0.6471712072
1.248,0.6506277973
1.25,0.6481810993
1.252,0.6420491821
1.254,0.642310708
1.256,0.6359636907
1.258,0.6349663169
1.26,0.6374032904
1.262,0.632336916
1.264,0.632662329
1.266,0.6374516357
1.268,0.6389613665
1.27,0.6410545609
1.272,0.6445508303
1.274,0.6510636759
1.276,0.6517134385
1.278,0.6563177648
1.28,0.6561446378
1.282,0.6542055897
1.284,0.6554352791
1.286,0.6532812543
1.288,0.6512583163
1.29,0.6491188256
1.292,0.6407874336
1.294,0.6413316592
1.296,0.6368251571
1.298,0.6366081557
1.3,0.6421423913
1.302,0.6403696966
1.304,0.6385289191
1.306,0.6437303145
1.308,0.6458798438
1.31,0.6495980255
1.312,0.6483948196
1.314,0.6512547176
1.316,0.6488272168
1.318,0.6464493859
1.32,0.64876431
1.322,0.6466721547
1.324,0.6496141671
1.326,0.6585053479
1.328,0.6523785427
1.33,0.6497029319
1.332,0.653920847
1.334,0.6534650453
1.336,0.6578048931
1.338,0.6541575942
1.34,0.6554482088
1.342,0.6549634576
1.344,0.6555484829
1.346,0.6568292872
1.348,0.6524170744
1.35,0.6485594735
1.352,0.6538120096
1.354,0.6549649514
1.356,0.6554251839
1.358,0.6553310176
1.36,0.6567064632
1.362,0.6525296042
1.364,0.6489472064
1.366,0.6538484611
1.368,0.6544803982
1.37,0.6576725321
1.372,0.655507478
1.374,0.6606225164
1.376,0.6619224142
1.378,0.6637112645
1.38,0.6657348926
1.382,0.6628292003
1.384,0.656029779
1.386,0.6521533523
1.388,0.6582265758
1.39,0.6630416511
1.392,0.6617949026
1.394,0.6607205564
1.396,0.6645498132
1.398,0.6639470805
1.4,0.6592143358
1.402,0.6638930561
1.404,0.6656539189
1.406,0.656468133
1.408,0.6553813502
1.41,0.655975887
1.412,0.6578043275
1.414,0.6584149225
1.416,0.6561358599
1.418,0.6557746865
1.42,0.6569208848
1.422,0.6559971769
1.424,0.6546977819
1.426,0.6593620339
1.428,0.6559398839
1.43,0.6547230617
1.432,0.6473444314
1.434,0.6494499693
1.436,0.6525971273
1.438,0.6546948745
1.44,0.6581325812
1.442,0.659798161
1.444,0.6610932786
1.446,0.6628609422
1.448,0.6619063122
1.45,0.6662817732
1.452,0.6650110937
1.454,0.6596779587
1.456,0.6628309835
1.458,0.669621522
1.46,0.6661017038
1.462,0.6657339105
1.464,0.6632357514
1.466,0.6618648565
1.468,0.6620622779
1.47,0.6575476383
1.472,0.6565850435
1.474,0.6512723779
1.476,0.6492779261
1.478,0.645023195
1.48,0.6412546524
1.482,0.6350673337
1.484,0.6397618346
1.486,0.6418007451
1.488,0.6348833656
1.49,0.6328689376
1.492,0.630592795
1.494,0.6282523648
1.496,0.623124012
1.498,0.6261845126
1.5,0.6249601358
1.502,0.6269463427
1.504,0.6291365444
1.506,0.6344543352
1.508,0.627941059
1.51,0.6346134233
1.512,0.6394941596
1.514,0.6417709506
1.516,0.6507048536
1.518,0.6515535673
1.52,0.654660815
1.522,0.6520244313
1.524,0.6562770538
1.526,0.6569545882
1.528,0.6553593212
1.53,0.6631898421
1.532,0.6620962819
1.534,0.6621561166
1.536,0.6614615979
1.538,0.6587281276
1.54,0.6607214579
1.542,0.6634594243
1.544,0.6647742087
1.546,0.6561598354
1.548,0.6599180347
1.55,0.6586764044
1.552,0.6542696728
1.554,0.6565571425
1.556,0.658680812
1.558,0.6549085714
1.56,0.6640468985
1.562,0.6596413484
1.564,0.6533388199
1.566,0.6491833376
1.568,0.6545101683
1.57,0.6539380487
1.572,0.6526493921
1.574,0.6525053379
1.576,0.6504002414
1.578,0.6479620262
1.58,0.6457165003
1.582,0.6484475195
1.584,0.6523083839
1.586,0.6485211918
1.588,0.6495095256
1.59,0.6525090529
1.592,0.6486230833
1.594,0.6468838558
1.596,0.643184062
1.598,0.6385694562
1.6,0.6391138887
1.602,0.6365635991
1.604,0.6390746452
1.606,0.6391316578
1.608,0.640819048
1.61,0.6398965722
1.612,0.6377153491
1.614,0.6375543903
1.616,0.6377106226
1.618,0.6352791023
1.62,0.6370433622
1.622,0.639977399
1.624,0.6407205197
1.626,0.6471935646
1.628,0.6449846276
1.63,0.6470310631
1.632,0.6456454387
1.634,0.6466350391
1.636,0.6437020022
1.638,0.6479465611
1.64,0.6487061156
1.642,0.6531965636
1.644,0.6486309628
1.646,0.6469249671
1.648,0.6437601883
1.65,0.6419386363
1.652,0.6395346072
1.654,0.6392527905
1.656,0.639353652
1.658,0.6393663495
1.66,0.6374810033
1.662,0.638347947
1.664,0.6417489304
1.666,0.6385731492
1.668,0.6387449891
1.67,0.6386392332
1.672,0.6405354682
1.674,0.6404568029
1.676,0.6405563029
1.678,0.637058732
1.68,0.6373165059
1.682,0.6340895124
1.684,0.6361909268
1.686,0.6359925959
1.688,0.6363238473
1.69,0.6332149177
1.692,0.6363871245
1.694,0.6391253183
1.696,0.6424687312
1.698,0.650820654
1.7,0.6507228202
1.702,0.6552388838
1.704,0.6548533617
1.706,0.6563696056
1.708,0.6577705529
1.71,0.6587932999
1.712,0.661251238
1.714,0.6601716604
1.716,0.6603604575
1.718,0.6623575863
1.72,0.6687760056
1.722,0.6656899319
1.724,0.6590983133
1.726,0.6573710834
1.728,0.6577563718
1.73,0.6584508909
1.732,0.6588379532
1.734,0.6632165252
1.736,0.6668058641
1.738,0.6666251374
1.74,0.6649108162
1.742,0.6636570738
1.744,0.6623726251
1.746,0.6615732911
1.748,0.6558503856
1.75,0.6542249859
1.752,0.6527409719
1.754,0.6521312401
1.756,0.6512848326
1.758,0.6538450602
1.76,0.6519702905
1.762,0.6504482078
1.764,0.6525363981
1.766,0.6517573903
1.768,0.6526416336
1.77,0.6551826729
1.772,0.6567990129
1.774,0.6577750568
1.776,0.6571087156
1.778,0.659664897
1.78,0.6603496063
1.782,0.6585396852
1.784,0.6580360941
1.786,0.6536255255
1.788,0.6501755373
1.79,0.643356688
1.792,0.6409921811
1.794,0.6460696793
1.796,0.6441456164
1.798,0.6471806199
1.8,0.6472848474
1.802,0.6448245704
1.804,0.6498821922
1.806,0.6521221533
1.808,0.6457779551
1.81,0.649735622
1.812,0.6458877855
1.814,0.6453577664
1.816,0.6479446423
1.818,0.6469544052
1.82,0.6511885766
1.822,0.6540772752
1.824,0.6483677565
1.826,0.646740667
1.828,0.6478978784
1.83,0.6458961669
1.832,0.6452249323
1.834,0.6482973726
1.836,0.6495722509
1.838,0.6462917113
1.84,0.6470563863
1.842,0.6449219744
1.844,0.6405791513
1.846,0.6365691237
1.848,0.6378092827
1.85,0.6378786653
1.852,0.6380714404
1.854,0.6340130057
1.856,0.6335291376
1.858,0.6298939891
1.86,0.6266855836
1.862,0.6263135391
1.864,0.6214283596
1.866,0.62418472
1.868,0.6336639536
1.87,0.6355579634
1.872,0.631892303
1.874,0.6310978898
1.876,0.6255563879
1.878,0.6244030938
1.88,0.626538254
1.882,0.6289632988
1.884,0.6253692322
1.886,0.6267261297
1.888,0.6312511562
1.89,0.6379568924
1.892,0.6355428067
1.894,0.6325373195
1.896,0.6329433212
1.898,0.6223194199
1.9,0.6206144581
1.902,0.6198843681
1.904,0.6184586107
1.906,0.6128607461
1.908,0.6122690432
1.91,0.6097023863
1.912,0.6128685759
1.914,0.6097705773
1.916,0.609059208
1.918,0.608536066
1.92,0.6110020233
1.922,0.6018476123
1.924,0.6009628661
1.926,0.604198331
1.928,0.6032218583
1.93,0.59789583
1.932,0.5995313914
1.934,0.601194181
1.936,0.600575369
1.938,0.5966332504
1.94,0.594278768
1.942,0.5935367297
1.944,0.5906920121
1.946,0.5839393663
1.948,0.5815408592
1.95,0.5818190714
1.952,0.5804186324
1.954,0.5806513824
1.956,0.5814826492
1.958,0.5853705444
1.96,0.5941472475
1.962,0.597326147
1.964,0.5924826584
1.966,0.5829597303
1.968,0.5831063823
1.97,0.5838764619
1.972,0.5800009092
1.974,0.5815459991
1.976,0.5791682469
1.978,0.5812110576
1.98,0.580497668
1.982,0.5825121733
1.984,0.5764540506
1.986,0.5753409948
1.988,0.5753280784
1.99,0.570497945
1.992,0.5781918442
1.994,0.5766836057
1.996,0.5824674318
1.998,0.5804713703
2,0.5801220882
2.002,0.5851024482
2.004,0.5867346819
2.006,0.5879362718
2.008,0.5894080015
2.01,0.5847405584
2.012,0.5837666175
2.014,0.5806646377
2.016,0.5819243874
2.018,0.5803842885
2.02,0.5807359778
2.022,0.5809603767
2.024,0.5813376067
2.026,0.5817187055
2.028,0.5797715324
2.03,0.5763207969
2.032,0.5743561445
2.034,0.5789558899
2.036,0.5808926225
2.038,0.5836183888
2.04,0.5893101664
2.042,0.585344463
2.044,0.5877504245
2.046,0.5841838032
2.048,0.583420696
2.05,0.5857427282
2.052,0.5922992774
2.054,0.5898108507
2.056,0.5899160021
2.058,0.5947183007
2.06,0.5895651342
2.062,0.5913876859
2.064,0.5906823461
2.066,0.5878282916
2.068,0.5888523439
2.07,0.5915540834
2.072,0.5885817154
2.074,0.5904778029
2.076,0.5915858295
2.078,0.5873759327
2.08,0.5936901625
2.082,0.5982152434
2.084,0.5954063505
2.086,0.5936353425
2.088,0.5969640741
2.09,0.5955264802
2.092,0.5890587356
2.094,0.5934642464
2.096,0.5939363946
2.098,0.6015236505
2.1,0.6032513
2.102,0.6043455904
2.104,0.6154582075
2.106,0.6151259496
2.108,0.6118931167
2.11,0.6130756879
2.112,0.6176269478
2.114,0.613589237
2.116,0.6105258185
2.118,0.612539237
2.12,0.6009543266
2.122,0.5972615652
2.124,0.6006573343
2.126,0.598858526
2.128,0.5931771517
2.13,0.6008404344
2.132,0.5959592369
2.134,0.5944224029
2.136,0.5934584596
2.138,0.5942095326
2.14,0.5932588573
2.142,0.5933956321
2.144,0.5940508902
2.146,0.594161583
2.148,0.5949463392
2.15,0.5864594853
2.152,0.5885990029
2.154,0.5837910593
2.156,0.576134673
2.158,0.5818902625
2.16,0.5775579535
2.162,0.5787709871
2.164,0.5763858669
2.166,0.5743676436
2.168,0.5767475995
2.17,0.5733325786
2.172,0.5753002205
2.174,0.5772853503
2.176,0.5822138065
2.178,0.5814545631
2.18,0.5859076394
2.182,0.5928627662
2.184,0.5992575248
2.186,0.6018554603
2.188,0.603923839
2.19,0.6149470287
2.192,0.6235646795
2.194,0.6209791151
2.196,0.6246830783
2.198,0.6271673617
2.2,0.6276721211
2.202,0.628474033
2.204,0.630509658
2.206,0.6341954474
2.208,0.635198778
2.21,0.6366428926
2.212,0.6419633276
2.214,0.643282396
2.216,0.6454302182
2.218,0.6492021273
2.22,0.6553096769
2.222,0.6598773804
2.224,0.6612990127
2.226,0.6620915793
2.228,0.6576434023
2.23,0.6587676061
2.232,0.6550165902
2.234,0.6513309268
2.236,0.6538118852
2.238,0.6535199919
2.24,0.655331617
2.242,0.6531005711
2.244,0.6575904018
2.246,0.6581716249
2.248,0.6625733599
2.25,0.6650607485
2.252,0.6656741514
2.254,0.6639321212
2.256,0.6640636958
2.258,0.6671057303
2.26,0.6696501623
2.262,0.6652714905
2.264,0.6690270818
2.266,0.6682325297
2.268,0.6711983081
2.27,0.668628583
2.272,0.6709442155
2.274,0.6680144775
2.276,0.6684784962
2.278,0.6673801139
2.28,0.6663333487
2.282,0.6642662059
2.284,0.6637193125
2.286,0.6573740764
2.288,0.6606418563
2.29,0.6641975128
2.292,0.6625940498
2.294,0.6575726454
2.296,0.6552577217
2.298,0.6588011461
2.3,0.6611391453
2.302,0.6600733033
2.304,0.6633973386
2.306,0.659609345
2.308,0.6574087449
2.31,0.6592033192
2.312,0.6588968945
2.314,0.6567857053
2.316,0.6476380711
2.318,0.6502206054
2.32,0.6515086145
2.322,0.6451992364
2.324,0.6475376968
2.326,0.6475996467
2.328,0.6487394636
2.33,0.6523215094
2.332,0.6496914011
2.334,0.6524153547
2.336,0.6550112544
2.338,0.6578739764
2.34,0.6639200628
2.342,0.6663443782
2.344,0.6642955452
2.346,0.6708823798
2.348,0.6668201489
2.35,0.6651296976
2.352,0.6616151448
2.354,0.6612695144
2.356,0.6652615933
2.358,0.6700113643
2.36,0.6716816982
2.362,0.6694306151
2.364,0.6673945912
2.366,0.6651882641
2.368,0.6686783451
2.37,0.6653585596
2.372,0.66852476
2.374,0.6683946777
2.376,0.6690121441
2.378,0.674513229
2.38,0.6727355899
2.382,0.6787531262
2.384,0.6735573936
2.386,0.6705122302
2.388,0.6647340038
2.39,0.6620167623
2.392,0.6641767542
2.394,0.6668880135
2.396,0.6680067774
2.398,0.6689735285
2.4,0.6646790109
2.402,0.6598424221
2.404,0.660995853
2.406,0.6659618278
2.408,0.6646360733
2.41,0.6600126062
2.412,0.6544398289
2.414,0.6520164316
2.416,0.6579036117
2.418,0.6571951438
2.42,0.6534485019
2.422,0.651291334
2.424,0.6496077783
2.426,0.6506861993
2.428,0.6483576433
2.43,0.6451956622
2.432,0.6446324416
2.434,0.6464900716
2.436,0.6492491409
2.438,0.6513769923
2.44,0.6497886368
2.442,0.6436613067
2.444,0.6408585234
2.446,0.642060682
2.448,0.6372938414
2.45,0.6384026185
2.452,0.6363952016
2.454,0.6344270724
2.456,0.638757498
2.458,0.6397319675
2.46,0.6449473287
2.462,0.6416201568
2.464,0.6459379187
2.466,0.6494074874
2.468,0.6385042849
2.47,0.638347554
2.472,0.6442083654
2.474,0.6472080062
2.476,0.6457015648
2.478,0.6449706683
2.48,0.6403042275
2.482,0.6412230862
2.484,0.63476583
2.486,0.6312057705
2.488,0.6355591328
2.49,0.6356698141
2.492,0.6345134142
2.494,0.6343149658
2.496,0.6446417936
2.498,0.6485850071
2.5,0.6458421155
2.502,0.6521005159
2.504,0.6518619133
2.506,0.6546667605
2.508,0.6525870707
2.51,0.6492289487
2.512,0.6522808316
2.514,0.6495444638
2.516,0.6467759666
2.518,0.6501981014
2.52,0.6460275119
2.522,0.6409290153
2.524,0.6430928158
2.526,0.6360147957
2.528,0.6334224209
2.53,0.6322701932
2.532,0.6275012459
2.534,0.6235966138
2.536,0.6263254168
2.538,0.6276513865
2.54,0.6243820689
2.542,0.6265996026
2.544,0.6324703623
2.546,0.6279331431
2.548,0.6283924444
2.55,0.6359426616
2.552,0.6383842114
2.554,0.6415553036
2.556,0.6409682674
2.558,0.6381807606
2.56,0.6425710418
2.562,0.6451241541
2.564,0.6450637594
2.566,0.6434805012
2.568,0.6371825787
2.57,0.6379350322
2.572,0.6355545755
2.574,0.6352541995
2.576,0.6379214228
2.578,0.6411202249
2.58,0.6439239558
2.582,0.6523646725
2.584,0.6567276524
2.586,0.6540528592
2.588,0.6511264253
2.59,0.6597702692
2.592,0.6573832671
2.594,0.6572772479
2.596,0.6637273032
2.598,0.6700152876
2.6,0.6697959585
2.602,0.6706595967
2.604,0.6646740109
2.606,0.6613666687
2.608,0.6600620828
2.61,0.6600809912
2.612,0.6589369937
2.614,0.6595410803
2.616,0.6676118136
2.618,0.6693010748
2.62,0.6704113935
2.622,0.6703955846
2.624,0.6697463717
2.626,0.6742247682
2.628,0.6705701181
2.63,0.6700888175
2.632,0.66607221
2.634,0.6663940003
2.636,0.6668303911
2.638,0.6701904169
2.64,0.6745367336
2.642,0.6769035257
2.644,0.6827429743
2.646,0.6884118359
2.648,0.6894234633
2.65,0.6906385086
2.652,0.6834882228
2.654,0.6845492564
2.656,0.6844234943
2.658,0.6781926331
2.66,0.6765551014
2.662,0.6799788009
2.664,0.6753982013
2.666,0.6800515181
2.668,0.681696207
2.67,0.6807767879
2.672,0.6801751786
2.674,0.6831092024
2.676,0.6778161619
2.678,0.685169852
2.68,0.682109326
2.682,0.6792384803
2.684,0.6835995998
2.686,0.6863644884
2.688,0.6910500657
2.69,0.6946880635
2.692,0.6958798197
2.694,0.6910951853
2.696,0.6892379366
2.698,0.6898209478
2.7,0.6896198274
2.702,0.6820512042
2.704,0.6857504607
2.706,0.691911796
2.708,0.6970555918
2.71,0.6931991594
2.712,0.6946159713
2.714,0.686765217
2.716,0.6927690117
2.718,0.6855986466
2.72,0.6869733409
2.722,0.6910641908
2.724,0.6955897067
2.726,0.6966584737
2.728,0.6913316665
2.73,0.6908176678
2.732,0.6897019151
2.734,0.6908970916
2.736,0.6943255249
2.738,0.696551798
2.74,0.704032223
2.742,0.7061877831
2.744,0.7045520953
2.746,0.7101914592
2.748,0.7088007173
2.75,0.7095607405
2.752,0.7099527789
2.754,0.7014564111
2.756,0.7022452019
2.758,0.7030744197
2.76,0.7021007654
2.762,0.7013791552
2.764,0.6965423547
2.766,0.6966608214
2.768,0.7019066864
2.77,0.7010565607
2.772,0.6989684353
2.774,0.6965825578
2.776,0.7036853293
2.778,0.6985837485
2.78,0.7014404147
2.782,0.7016332506
2.784,0.7083449896
2.786,0.7128075555
2.788,0.7122138475
2.79,0.7064088905
2.792,0.7113123552
2.794,0.7162786094
2.796,0.712022178
2.798,0.7144245693
2.8,0.7112668797
2.802,0.7082128383
2.804,0.702179457
2.806,0.7053271971
2.808,0.7060707964
2.81,0.7076131478
2.812,0.7125890847
2.814,0.7147126094
2.816,0.7165200442
2.818,0.7189052491
2.82,0.7147814612
2.822,0.7143692151
2.824,0.7097578653
2.826,0.7062668356
2.828,0.7056989844
2.83,0.7092850793
2.832,0.7164238158
2.834,0.7122373479
2.836,0.7125859272
2.838,0.712055981
2.84,0.713675785
2.842,0.7154825645
2.844,0.7164885925
2.846,0.7127246419
2.848,0.713864335
2.85,0.7167812766
2.852,0.7146415181
2.854,0.7214457654
2.856,0.7202771146
2.858,0.7176879302
2.86,0.7184431178
2.862,0.7172103186
2.864,0.7120103833
2.866,0.711644448
2.868,0.717102143
2.87,0.723972113
2.872,0.7216027213
2.874,0.7245098855
2.876,0.724636142
2.878,0.7253021478
2.88,0.729475219
2.882,0.7321355274
2.884,0.7322922042
2.886,0.7285916677
2.888,0.7242123602
2.89,0.7236384251
2.892,0.7244527421
2.894,0.7259030942
2.896,0.7283388757
2.898,0.731462078
2.9,0.7225143778
2.902,0.7254083618
2.904,0.7213163739
2.906,0.7249722385
2.908,0.7258244789
2.91,0.7277203528
2.912,0.7254246011
2.914,0.7260811525
2.916,0.7190602105
2.918,0.7226657608
2.92,0.7211473548
2.922,0.7115616479
2.924,0.7151024545
2.926,0.7208223136
2.928,0.7173638505
2.93,0.7214028556
2.932,0.7183935022
2.934,0.7099691034
2.936,0.7084238463
2.938,0.7093453889
2.94,0.7095691081
2.942,0.7096838439
2.944,0.7104905205
2.946,0.7110052232
2.948,0.7099635588
2.95,0.7075437913
2.952,0.7063429546
2.954,0.7048400206
2.956,0.7035208125
2.958,0.6993283212
2.96,0.6971754941
2.962,0.6972892338
2.964,0.6982222867
2.966,0.6978019355
2.968,0.6969523691
2.97,0.6986998987
2.972,0.7014457759
2.974,0.7036878002
2.976,0.697165242
2.978,0.6953384748
2.98,0.6977152753
2.982,0.6993889074
2.984,0.7016442419
2.986,0.70256707
2.988,0.6992772368
2.99,0.7034908177
2.992,0.6983743915
2.994,0.7017405669
2.996,0.7014711217
2.998,0.6959555698
3,0.6943492453
3.002,0.6985327611
3.004,0.6962188553
3.006,0.6916703099
3.008,0.6904757093
3.01,0.6873724586
3.012,0.6827172749
3.014,0.6842089878
3.016,0.6869990108
3.018,0.6848777983
3.02,0.6866674299
3.022,0.6851448421
3.024,0.6846724003
3.026,0.6850119149
3.028,0.6903169023
3.03,0.6920118333
3.032,0.688246358
3.034,0.6899851173
3.036,0.689044635
3.038,0.6872218106
3.04,0.6840558327
3.042,0.6838562362
3.044,0.6835349461
3.046,0.6819744932
3.048,0.6768321385
3.05,0.6705612426
3.052,0.6710045254
3.054,0.6716281506
3.056,0.679555195
3.058,0.6788286395
3.06,0.6824683319
3.062,0.6867118507
3.064,0.6863702779
3.066,0.686530414
3.068,0.6848533995
3.07,0.6911818851
3.072,0.6855776496
3.074,0.6853204467
3.076,0.6902271478
3.078,0.6896960823
3.08,0.6874912194
3.082,0.6882099724
3.084,0.6899893916
3.086,0.6919032626
3.088,0.6927704798
3.09,0.6953258586
3.092,0.6985698015
3.094,0.6943852649
3.096,0.6928498924
3.098,0.6958371213
3.1,0.6974266616
3.102,0.6980888011
3.104,0.7003267071
3.106,0.7035573545
3.108,0.7002465135
3.11,0.6956216429
3.112,0.6912812565
3.114,0.697857549
3.116,0.6938654615
3.118,0.6928544595
3.12,0.6920267459
3.122,0.6956035086
3.124,0.6891516924
3.126,0.6888746091
3.128,0.6931385968
3.13,0.6970101878
3.132,0.6983056182
3.134,0.6971743423
3.136,0.7033355977
3.138,0.6970950317
3.14,0.7004534039
3.142,0.7020826253
3.144,0.703999435
3.146,0.7047323504
3.148,0.7052423961
3.15,0.708360172
3.152,0.7039660382
3.154,0.6992545962
3.156,0.69964497
3.158,0.6996351582
3.16,0.7000275151
3.162,0.705561677
3.164,0.7032440502
3.166,0.7057301221
3.168,0.706878829
3.17,0.715147713
3.172,0.7098307117
3.174,0.7076105284
3.176,0.7057227134
3.178,0.7102393867
3.18,0.7070333574
3.182,0.712752763
3.184,0.7182099759
3.186,0.7209997907
3.188,0.7222379848
3.19,0.7163418739
3.192,0.7166964311
3.194,0.711271125
3.196,0.7097017105
3.198,0.7101730527
3.2,0.7088027288
3.202,0.7119664644
3.204,0.711231063
3.206,0.705404355
3.208,0.7013577911
3.21,0.6965589016
3.212,0.6952371332
3.214,0.6995721742
3.216,0.7011985345
3.218,0.7022148977
3.22,0.6973710496
3.222,0.7057375979
3.224,0.7054014932
3.226,0.713865264
3.228,0.7104712631
3.23,0.7081692983
3.232,0.7172639979
3.234,0.7131102903
3.236,0.7143336622
3.238,0.712834985
3.24,0.709639689
3.242,0.7171447914
3.244,0.7132454297
3.246,0.7161851786
3.248,0.7198448595
3.25,0.7159056401
3.252,0.7088116393
3.254,0.7021603767
3.256,0.6990668717
3.258,0.6996755874
3.26,0.7006871386
3.262,0.6998015788
3.264,0.6992230521
3.266,0.7025407408
3.268,0.7050924034
3.27,0.7062247895
3.272,0.7037682663
3.274,0.706345169
3.276,0.7067588623
3.278,0.7038289697
3.28,0.7015290337
3.282,0.705747206
3.284,0.7121516181
3.286,0.7099776991
3.288,0.7022540603
3.29,0.7041568294
3.292,0.700680339
3.294,0.7031166255
3.296,0.7015440183
3.298,0.7093689105
3.3,0.7095159394
3.302,0.7125021822
3.304,0.7078673473
3.306,0.6974858487
3.308,0.6977893485
3.31,0.6985479365
3.312,0.7009551761
3.314,0.6987533832
3.316,0.6939008402
3.318,0.6879532459
3.32,0.6898291237
3.322,0.6922611381
3.324,0.6889405951
3.326,0.6868950145
3.328,0.6841349341
3.33,0.6771552869
3.332,0.6778165572
3.334,0.6808259282
3.336,0.6799297567
3.338,0.6746819422
3.34,0.6739118613
3.342,0.6788370026
3.344,0.6865057219
3.346,0.6873619537
3.348,0.6843794213
3.35,0.6770711678
3.352,0.6713858483
3.354,0.6710335367
3.356,0.6718303632
3.358,0.6727346811
3.36,0.6717402027
3.362,0.6660854424
3.364,0.6603312721
3.366,0.6609085135
3.368,0.6579256718
3.37,0.6627582957
3.372,0.6574467477
3.374,0.6636837406
3.376,0.6612652173
3.378,0.6621142461
3.38,0.6629578227
3.382,0.661722192
3.384,0.6543860393
3.386,0.6526901709
3.388,0.6583623295
3.39,0.6537208182
3.392,0.6470394859
3.394,0.6463521751
3.396,0.6449568095
3.398,0.6403280003
3.4,0.6377110159
3.402,0.6361091255
3.404,0.6347676884
3.406,0.6355605161
3.408,0.6383574484
3.41,0.6399556271
3.412,0.641376221
3.414,0.647720889
3.416,0.6518623603
3.418,0.6412561127
3.42,0.64006992
3.422,0.6344156201
3.424,0.6320625043
3.426,0.6351219952
3.428,0.6345679961
3.43,0.6331776147
3.432,0.6382474667
3.434,0.6328687508
3.436,0.6327246622
3.438,0.6349574427
3.44,0.6352368673
3.442,0.6311279933
3.444,0.6312577292
3.446,0.6344576966
3.448,0.635971105
3.45,0.6373286006
3.452,0.6386395543
3.454,0.6393065286
3.456,0.6348919788
3.458,0.6339405757
3.46,0.6357293188
3.462,0.6244111808
3.464,0.6274730059
3.466,0.6289582455
3.468,0.6251700409
3.47,0.6226516515
3.472,0.6221592326
3.474,0.6239609179
3.476,0.6228297006
3.478,0.6274234995
3.48,0.6291895187
3.482,0.6265021436
3.484,0.624996896
3.486,0.6260908034
3.488,0.6290340703
3.49,0.631777729
3.492,0.6316260683
3.494,0.6323893171
3.496,0.6325021545
3.498,0.6357468353
3.5,0.6322895814
3.502,0.6347253111
3.504,0.6280723996
3.506,0.6299745706
3.508,0.6311430656
3.51,0.6313548229
3.512,0.6236770621
3.514,0.6297473622
3.516,0.6332945197
3.518,0.6335888324
3.52,0.6354829111
3.522,0.6321999951
3.524,0.6343013749
3.526,0.6402609248
3.528,0.6360752111
3.53,0.6462034773
3.532,0.6447186212
3.534,0.6478963409
3.536,0.6449712741
3.538,0.6465385575
3.54,0.641972577
3.542,0.6396922547
3.544,0.6390110545
3.546,0.6367575584
3.548,0.6360456026
3.55,0.639833694
3.552,0.6352847463
3.554,0.6310556801
3.556,0.6314434618
3.558,0.6295676373
3.56,0.6260744176
3.562,0.6268073705
3.564,0.6249551738
3.566,0.6264519043
3.568,0.6265458364
3.57,0.6260408561
3.572,0.6260316662
3.574,0.6300683296
3.576,0.6351517604
3.578,0.6347512101
3.58,0.6311370475
3.582,0.6257587262
3.584,0.6177241298
3.586,0.6136457019
3.588,0.6107903193
3.59,0.6109297663
3.592,0.6042553758
3.594,0.6099711221
3.596,0.6142765599
3.598,0.6192260854
3.6,0.6176048921
3.602,0.6188064735
3.604,0.6155728108
3.606,0.6216458886
3.608,0.6174125131
3.61,0.6157982167
3.612,0.6213992266
3.614,0.6309153825
3.616,0.6307904917
3.618,0.6294729649
3.62,0.6204145667
3.622,0.6270451721
3.624,0.628424821
3.626,0.621677138
3.628,0.6251820548
3.63,0.6277071445
3.632,0.626628047
3.634,0.624800991
3.636,0.6277597582
3.638,0.6288598211
3.64,0.6308893541
3.642,0.6356422319
3.644,0.6402356898
3.646,0.6431986663
3.648,0.6454953579
3.65,0.6409182064
3.652,0.6369604759
3.654,0.640160647
3.656,0.642706308
3.658,0.6447591277
3.66,0.6479841932
3.662,0.6460592306
3.664,0.6482615638
3.666,0.6447362749
3.668,0.6450975029
3.67,0.6486476738
3.672,0.6462675836
3.674,0.6535753323
3.676,0.657815233
3.678,0.6628951714
3.68,0.6621456765
3.682,0.657092485
3.684,0.6545898986
3.686,0.6566858644
3.688,0.6557231683
3.69,0.65843367
3.692,0.6590341452
3.694,0.6569203092
3.696,0.6604025044
3.698,0.6653875442
3.7,0.6627205059
3.702,0.6646161693
3.704,0.6652007129
3.706,0.6662356998
3.708,0.6658580774
3.71,0.6612873964
3.712,0.6664768969
3.714,0.6626671057
3.716,0.6595072606
3.718,0.6619530035
3.72,0.6626392554
3.722,0.6597523169
3.724,0.6573865619
3.726,0.6568607482
3.728,0.655321392
3.73,0.6577602666
3.732,0.6535484031
3.734,0.6549602826
3.736,0.6606437242
3.738,0.6614167914
3.74,0.6581983223
3.742,0.6556005982
3.744,0.6558270951
3.746,0.6536035786
3.748,0.6582121172
3.75,0.6515214412
3.752,0.6576308522
3.754,0.6502658373
3.756,0.6502135808
3.758,0.6463335202
3.76,0.6494731542
3.762,0.646731779
3.764,0.642683195
3.766,0.6415743833
3.768,0.6402100893
3.77,0.6332333415
3.772,0.6351142788
3.774,0.6264641915
3.776,0.6310650587
3.778,0.6300574574
3.78,0.6338044513
3.782,0.6317818365
3.784,0.6290574874
3.786,0.6316963209
3.788,0.6297453756
3.79,0.6242381375
3.792,0.6241697296
3.794,0.619316859
3.796,0.6195529978
3.798,0.6249590422
3.8,0.628779011
3.802,0.6290131939
3.804,0.6286255107
3.806,0.6276806356
3.808,0.6255527758
3.81,0.6271158436
3.812,0.6267681456
3.814,0.6255930687
3.816,0.6268406581
3.818,0.6196002841
3.82,0.6271517362
3.822,0.6297235956
3.824,0.6247859263
3.826,0.6254638478
3.828,0.6215250112
3.83,0.6197936753
3.832,0.6167494808
3.834,0.621109841
3.836,0.6142508436
3.838,0.613246086
3.84,0.60742564
3.842,0.6077047739
3.844,0.6068730663
3.846,0.6019812999
3.848,0.6077525918
3.85,0.6139397245
3.852,0.6121556442
3.854,0.6144270903
3.856,0.6141866204
3.858,0.6154077456
3.86,0.6214163753
3.862,0.6206904337
3.864,0.6276222321
3.866,0.6267888631
3.868,0.6266814484
3.87,0.6339228514
3.872,0.6351365303
3.874,0.627818894
3.876,0.6288847171
3.878,0.6243648891
3.88,0.6184521796
3.882,0.6152377404
3.884,0.6167597371
3.886,0.6129183486
3.888,0.6080220551
3.89,0.6069570621
3.892,0.6088254679
3.894,0.6065751318
3.896,0.6020589361
3.898,0.5943230912
3.9,0.5918469865
3.902,0.5954642028
3.904,0.5996469648
3.906,0.6030046594
3.908,0.6027314559
3.91,0.6035985834
3.912,0.6087142038
3.914,0.6058217566
3.916,0.6075462368
3.918,0.6009195979
3.92,0.6038661658
3.922,0.6025576521
3.924,0.5986222809
3.926,0.6019236495
3.928,0.5981571046
3.93,0.595320956
3.932,0.6015088794
3.934,0.5979880683
3.936,0.5959438308
3.938,0.5938079628
3.94,0.597188058
3.942,0.5907286819
3.944,0.595878328
3.946,0.5953911719
3.948,0.5946312696
3.95,0.5917019805
3.952,0.5916059291
3.954,0.5975744711
3.956,0.5987861346
3.958,0.5957026596
3.96,0.5948267664
3.962,0.5972612374
3.964,0.5979972392
3.966,0.5974457993
3.968,0.6001252918
3.97,0.6018755423
3.972,0.5982345469
3.974,0.5914756625
3.976,0.5938051564
3.978,0.6012076043
3.98,0.5985307877
3.982,0.5984117087
3.984,0.6038906202
3.986,0.61076734
3.988,0.6113458858
3.99,0.616334868
3.992,0.6194290407
3.994,0.6176472756
3.996,0.6104354494
3.998,0.607382776
4,0.6091163615
4.002,0.6110252555
4.004,0.6094872912
4.006,0.6066320404
4.008,0.6010186537
4.01,0.5951275966
4.012,0.5950991049
4.014,0.5896260914
4.016,0.5900316044
4.018,0.5874950328
4.02,0.5863683953
4.022,0.5948412046
4.024,0.5954530716
4.026,0.5945928101
4.028,0.5943754387
4.03,0.5892842006
4.032,0.5947782726
4.034,0.5983877519
4.036,0.5968057361
4.038,0.5980837976
4.04,0.595980762
4.042,0.5978897529
4.044,0.5932736849
4.046,0.5947172278
4.048,0.6007767499
4.05,0.6028414577
4.052,0.6010187384
4.054,0.6049650466
4.056,0.6126205669
4.058,0.6156673932
4.06,0.6163351637
4.062,0.6136530895
4.064,0.6155932153
4.066,0.6230519526
4.068,0.6158295531
4.07,0.6197705264
4.072,0.6206009714
4.074,0.6264980118
4.076,0.6262648865
4.078,0.6184876907
4.08,0.6261786785
4.082,0.6221243427
4.084,0.6253623651
4.086,0.62513721
4.088,0.6252396041
4.09,0.6259984449
4.092,0.6242190637
4.094,0.6251658173
4.096,0.6265556431
4.098,0.6297670417
4.1,0.6304512273
4.102,0.6318479173
4.104,0.6369695904
4.106,0.6338175767
4.108,0.6342739364
4.11,0.6362359317
4.112,0.6402422975
4.114,0.6401663852
4.116,0.6406917451
4.118,0.6395758167
4.12,0.6443129133
4.122,0.6432644914
4.124,0.6459291037
4.126,0.6456786521
4.128,0.6459180922
4.13,0.6415419921
4.132,0.6419017654
4.134,0.6419411019
4.136,0.6366221129
4.138,0.634068382
4.14,0.6325866012
4.142,0.6271381532
4.144,0.6228654708
4.146,0.6285817926
4.148,0.6249960025
4.15,0.6220693749
4.152,0.6171558253
4.154,0.622017108
4.156,0.6256935035
4.158,0.6271190237
4.16,0.6276684416
4.162,0.626080285
4.164,0.6252696002
4.166,0.623018395
4.168,0.6257229638
4.17,0.6285346766
4.172,0.6321432328
4.174,0.639928119
4.176,0.6426965283
4.178,0.6451780533
4.18,0.6490013871
4.182,0.6434395776
4.184,0.6435963706
4.186,0.6381643371
4.188,0.6441558938
4.19,0.6424756089
4.192,0.6491537474
4.194,0.6531603321
4.196,0.6512147011
4.198,0.6452117856
4.2,0.641203294
4.202,0.6451849937
4.204,0.6441312392
4.206,0.6388120455
4.208,0.6381501156
4.21,0.6445678502
4.212,0.6506250408
4.214,0.6489834634
4.216,0.6502220763
4.218,0.6525719303
4.22,0.6472268784
4.222,0.6453834248
4.224,0.6440189956
4.226,0.6456427492
4.228,0.6438909025
4.23,0.6388816254
4.232,0.6402444428
4.234,0.6380355828
4.236,0.6336758427
4.238,0.6293442527
4.24,0.6287426686
4.242,0.6343435481
4.244,0.6338924559
4.246,0.6380554672
4.248,0.6299378908
4.25,0.6270540141
4.252,0.6226304243
4.254,0.621875687
4.256,0.6250036345
4.258,0.6232272622
4.26,0.6188702262
4.262,0.6226791414
4.264,0.6201146195
4.266,0.6214063982
4.268,0.6192088637
4.27,0.6214152009
4.272,0.620262626
4.274,0.6234946494
4.276,0.6260576877
4.278,0.6345348606
4.28,0.6344313893
4.282,0.6310206005
4.284,0.6269383754
4.286,0.6249633959
4.288,0.6266053368
4.29,0.6242003164
4.292,0.6300892345
4.294,0.6310501228
4.296,0.6276489181
4.298,0.6261680024
4.3,0.6240448219
4.302,0.6249618152
4.304,0.6214098044
4.306,0.6264411985
4.308,0.6253620134
4.31,0.6247301006
4.312,0.6284051876
4.314,0.6258627868
4.316,0.6261025272
4.318,0.6329889537
4.32,0.6347111444
4.322,0.6359885479
4.324,0.6344131683
4.326,0.6309325897
4.328,0.637617747
4.33,0.6372010747
4.332,0.6443845134
4.334,0.6420001958
4.336,0.6467728273
4.338,0.6461369072
4.34,0.6477936292
4.342,0.6523809921
4.344,0.6540875766
4.346,0.6571074397
4.348,0.6514373615
4.35,0.6498369132
4.352,0.6574510123
4.354,0.6566667319
4.356,0.6578945572
4.358,0.6573497145
4.36,0.655128018
4.362,0.6497181631
4.364,0.6456243892
4.366,0.6519428115
4.368,0.6517408764
4.37,0.6474652865
4.372,0.6442556295
4.374,0.6476060978
4.376,0.644237326
4.378,0.6420693139
4.38,0.6381020908
4.382,0.6336267965
4.384,0.6399207058
4.386,0.6395615914
4.388,0.6385383718
4.39,0.6364879134
4.392,0.6392997727
4.394,0.6396907274
4.396,0.640930808
4.398,0.6415897868
4.4,0.6404232812
4.402,0.6388075885
4.404,0.6325739359
4.406,0.6309599591
4.408,0.6391794807
4.41,0.6347722088
4.412,0.634979729
4.414,0.6364102279
4.416,0.6410009211
4.418,0.6509545472
4.42,0.6495914141
4.422,0.6464706947
4.424,0.6504922804
4.426,0.6513718287
4.428,0.6588317547
4.43,0.6615350909
4.432,0.6591190836
4.434,0.6584443299
4.436,0.660043139
4.438,0.6619156728
4.44,0.6577956037
4.442,0.6507992861
4.444,0.6450035829
4.446,0.6474053448
4.448,0.6469573386
4.45,0.6403263635
4.452,0.6384532506
4.454,0.6314751108
4.456,0.6307126685
4.458,0.627726226
4.46,0.6258929282
4.462,0.6258248759
4.464,0.6267469336
4.466,0.6272071488
4.468,0.6322297292
4.47,0.6413161649
4.472,0.6446086366
4.474,0.644042841
4.476,0.6469475793
4.478,0.6443907269
4.48,0.6414837656
4.482,0.6384236249
4.484,0.6396718762
4.486,0.6444017796
4.488,0.6527242919
4.49,0.6576687185
4.492,0.660278882
4.494,0.6577977815
4.496,0.6581318038
4.498,0.6601737869
4.5,0.6597652534
4.502,0.6666264526
4.504,0.6636326119
4.506,0.6610401884
4.508,0.6624646003
4.51,0.6698291497
4.512,0.6631988301
4.514,0.6601263202
4.516,0.6648798392
4.518,0.6624097209
4.52,0.6699660067
4.522,0.6669501588
4.524,0.6708636225
4.526,0.6705169693
4.528,0.6721695148
4.53,0.6683617937
4.532,0.6624903118
4.534,0.6653517082
4.536,0.6634258871
4.538,0.6600866647
4.54,0.6560802394
4.542,0.652312708
4.544,0.6573666432
4.546,0.6540416974
4.548,0.6521272606
4.55,0.6594348615
4.552,0.6578953826
4.554,0.6579272883
4.556,0.6593265883
4.558,0.658286822
4.56,0.6558165343
4.562,0.6605704243
4.564,0.6617775251
4.566,0.6595040639
4.568,0.6544750775
4.57,0.6503017241
4.572,0.6466359143
4.574,0.638824644
4.576,0.6433228374
4.578,0.6438389689
4.58,0.6459522215
4.582,0.6408554213
4.584,0.6392218627
4.586,0.638500835
4.588,0.6389487449
4.59,0.6383540134
4.592,0.6339300577
4.594,0.638161994
4.596,0.6409541895
4.598,0.6413844376
4.6,0.6453408831
4.602,0.6499153464
4.604,0.655137554
4.606,0.6558045814
4.608,0.6547156123
4.61,0.6530274587
4.612,0.6563802193
4.614,0.6538706889
4.616,0.6505957708
4.618,0.652728731
4.62,0.6547320556
4.622,0.6571383933
4.624,0.6540835969
4.626,0.6552624019
4.628,0.6586872831
4.63,0.6569778277
4.632,0.656053307
4.634,0.6550246912
4.636,0.6606661101
4.638,0.6639987947
4.64,0.6591148381
4.642,0.6535914461
4.644,0.6560553773
4.646,0.6553378123
4.648,0.6573587093
4.65,0.6583881201
4.652,0.6621357595
4.654,0.6562165953
4.656,0.6542709586
4.658,0.655266084
4.66,0.6561943017
4.662,0.6527814508
4.664,0.6509298529
4.666,0.6488724912
4.668,0.6491434866
4.67,0.6518234795
4.672,0.6509010865
4.674,0.6504335112
4.676,0.6428376462
4.678,0.6390715487
4.68,0.6460729044
4.682,0.6398870719
4.684,0.6450795869
4.686,0.6441125922
4.688,0.6370189413
4.69,0.6425783911
4.692,0.6474538419
4.694,0.6457183239
4.696,0.6490356424
4.698,0.6478333216
4.7,0.6481335868
4.702,0.6488561206
4.704,0.6481138374
4.706,0.6501531679
4.708,0.6516695008
4.71,0.6498394703
4.712,0.6510280465
4.714,0.6492098459
4.716,0.6498064119
4.718,0.648081827
4.72,0.6485510587
4.722,0.6545440561
4.724,0.6522182882
4.726,0.6469335249
4.728,0.6529158367
4.73,0.65407169
4.732,0.6517603584
4.734,0.6509331221
4.736,0.6476713481
4.738,0.651234149
4.74,0.6539465206
4.742,0.6563289856
4.744,0.657198192
4.746,0.6497427769
4.748,0.6454826676
4.75,0.6466564719
4.752,0.6370095554
4.754,0.6368948967
4.756,0.6332880481
4.758,0.6358295475
4.76,0.6352884294
4.762,0.6393885544
4.764,0.6407977118
4.766,0.6413722872
4.768,0.6379363661
4.77,0.6404253785
4.772,0.6493558146
4.774,0.6431736063
4.776,0.6395436263
4.778,0.6458442647
4.78,0.6478525323
4.782,0.6468772377
4.784,0.6498724677
4.786,0.6511949445
4.788,0.6488909502
4.79,0.6465411385
4.792,0.6498083968
4.794,0.651171018
4.796,0.6552219325
4.798,0.6576880944
4.8,0.6554924359
4.802,0.6611480384
4.804,0.6578032669
4.806,0.6561957553
4.808,0.653389063
4.81,0.6483269301
4.812,0.6507259408
4.814,0.6469541956
4.816,0.6445556335
4.818,0.6481592464
4.82,0.6514514536
4.822,0.6492607143
4.824,0.6445577905
4.826,0.64430662
4.828,0.6385574794
4.83,0.6349978985
4.832,0.6337552353
4.834,0.6333682111
4.836,0.6315154278
4.838,0.6311886603
4.84,0.6365147252
4.842,0.6390113253
4.844,0.644265441
4.846,0.6476990555
4.848,0.6486659423
4.85,0.6443118097
4.852,0.6395265101
4.854,0.6396134231
4.856,0.6382686579
4.858,0.6349904283
4.86,0.6366941819
4.862,0.6413936808
4.864,0.6412943532
4.866,0.6417629823
4.868,0.6398966055
4.87,0.6375201287
4.872,0.6449801136
4.874,0.6404853092
4.876,0.6400479363
4.878,0.6385587063
4.88,0.6383218791
4.882,0.6423530145
4.884,0.6461605402
4.886,0.6457680411
4.888,0.6500278847
4.89,0.6473112724
4.892,0.6487355466
4.894,0.6553845393
4.896,0.6533342749
4.898,0.6541669875
4.9,0.6597396155
4.902,0.656696904
4.904,0.6569924813
4.906,0.6558968754
4.908,0.651866556
4.91,0.6534396796
4.912,0.6504214671
4.914,0.6566016188
4.916,0.6567377374
4.918,0.6560271015
4.92,0.6562407758
4.922,0.6566801222
4.924,0.6560098582
4.926,0.6562836015
4.928,0.6542388282
4.93,0.6524812206
4.932,0.6545010344
4.934,0.6467376722
4.936,0.6439162102
4.938,0.6440842175
4.94,0.6454804516
4.942,0.6441702279
4.944,0.6448068052
4.946,0.6436514817
4.948,0.6369368184
4.95,0.6405873862
4.952,0.6417319689
4.954,0.6383532676
4.956,0.643965879
4.958,0.6465969144
4.96,0.6444161879
4.962,0.6486238762
4.964,0.6507136568
4.966,0.6538540502
4.968,0.6517229529
4.97,0.6497687187
4.972,0.6468479213
4.974,0.6449765385
4.976,0.6365920522
4.978,0.6407742362
4.98,0.6365775522
4.982,0.6388617244
4.984,0.6342389547
4.986,0.6348651946
4.988,0.6306505346
4.99,0.6307930697
4.992,0.6250889879
4.994,0.623143623
4.996,0.6258524252
4.998,0.6268902132
5,0.627762691
