t_f,rank1_filled,blind_filled,t_e,rank1_empty,blind_empty
0.001,22.02076904,22.02076904,0.001,19.35273474,19.35273474
0.002278340155,21.30521124,21.30521124,0.002339750187,18.82089856,18.82089856
0.00355668031,20.61550085,20.61550085,0.003679500374,18.30436383,18.30436383
0.004835020465,19.95063682,19.95063682,0.005019250561,17.80267307,17.80267307
0.00611336062,19.3096585,19.3096585,0.006359000747,17.3153829,17.3153829
0.007391700774,18.69164397,18.69164397,0.007698750934,16.84206358,16.84206358
0.008670040929,18.09570846,18.09570846,0.009038501121,16.38229863,16.38229863
0.009948381084,17.52100278,17.52100278,0.01037825131,15.93568437,15.93568437
0.01122672124,16.96671189,16.96671189,0.01171800149,15.50182951,15.50182951
0.01250506139,16.43205346,16.43205346,0.01305775168,15.0803548,15.0803548
0.01378340155,15.91627656,15.91627656,0.01439750187,14.67089264,14.67089264
0.0150617417,15.41866032,15.41866032,0.01573725206,14.27308666,14.27308666
0.01634008186,14.93851275,14.93851275,0.01707700224,13.88659145,13.88659145
0.01761842201,14.4751695,14.4751695,0.01841675243,13.51107215,13.51107215
0.01889676217,14.02799276,14.02799276,0.01975650262,13.14620417,13.14620417
0.02017510232,13.59637015,13.59637015,0.0210962528,12.7916728,12.7916728
0.02145344248,13.1797137,13.1797137,0.02243600299,12.44717299,12.44717299
0.02273178263,12.77745881,12.77745881,0.02377575318,12.11240895,12.11240895
0.02401012279,12.38906335,12.38906335,0.02511550336,11.78709395,11.78709395
0.02528846294,12.01400667,12.01400667,0.02645525355,11.47094997,11.47094997
0.0265668031,11.65178878,11.65178878,0.02779500374,11.16370746,11.16370746
0.02784514325,11.30192949,11.30192949,0.02913475392,10.86510507,10.86510507
0.02912348341,10.96396756,10.96396756,0.03047450411,10.57488939,10.57488939
0.03040182356,10.63746001,10.63746001,0.0318142543,10.29281469,10.29281469
0.03168016372,10.32198128,10.32198128,0.03315400448,10.01864272,10.01864272
0.03295850387,10.01712259,10.01712259,0.03449375467,9.752142429,9.752142429
0.03423684403,9.722491229,9.722491229,0.03583350486,9.49308977,9.49308977
0.03551518418,9.437709908,9.437709908,0.03717325504,9.241267474,9.241267474
0.03679352434,9.162416122,9.162416122,0.03851300523,8.996464841,8.996464841
0.03807186449,8.89626156,8.89626156,0.03985275542,8.75847753,8.75847753
0.03935020465,8.638911527,8.638911527,0.04119250561,8.52710737,8.52710737
0.0406285448,8.390044388,8.390044388,0.04253225579,8.302162162,8.302162162
0.04190688496,8.149351045,8.149351045,0.04387200598,8.083455495,8.083455495
0.04318522511,7.916534423,7.916534423,0.04521175617,7.870806569,7.870806569
0.04446356527,7.691308987,7.691308987,0.04655150635,7.664040017,7.664040017
0.04574190542,7.473400276,7.473400276,0.04789125654,7.462985743,7.462985743
0.04702024558,7.262544455,7.262544455,0.04923100673,7.267478751,7.267478751
0.04829858573,7.058487887,7.058487887,0.05057075691,7.077358996,7.077358996
0.04957692589,6.860986721,6.860986721,0.0519105071,6.892471222,6.892471222
0.05085526604,6.669806499,6.669806499,0.05325025729,6.712664821,6.712664821
0.0521336062,6.484721779,6.484721779,0.05459000747,6.53779369,6.53779369
0.05341194635,6.305515771,6.305515771,0.05592975766,6.367716085,6.367716085
0.0546902865,6.131979992,6.131979992,0.05726950785,6.202294494,6.202294494
0.05596862666,5.963913929,5.963913929,0.05860925803,6.041395504,6.041395504
0.05724696681,5.801124727,5.801124727,0.05994900822,5.884889675,5.884889675
0.05852530697,5.643426876,5.643426876,0.06128875841,5.732651417,5.732651417
0.05980364712,5.49064192,5.49064192,0.06262850859,5.584558875,5.584558875
0.06108198728,5.342598176,5.342598176,0.06396825878,5.440493811,5.440493811
0.06236032743,5.199130464,5.199130464,0.06530800897,5.300341493,5.300341493
0.06363866759,5.060079846,5.060079846,0.06664775915,5.163990592,5.163990592
0.06491700774,4.925293383,4.925293383,0.06798750934,5.031333073,5.031333073
0.0661953479,4.794623891,4.794623891,0.06932725953,4.902264097,4.902264097
0.06747368805,4.667929713,4.667929713,0.07066700972,4.776681921,4.776681921
0.06875202821,4.545074507,4.545074507,0.0720067599,4.654487807,4.654487807
0.07003036836,4.425927028,4.425927028,0.07334651009,4.535585928,4.535585928
0.07130870852,4.310360928,4.310360928,0.07468626028,4.419883279,4.419883279
0.07258704867,4.198254567,4.198254567,0.07602601046,4.307289592,4.307289592
0.07386538883,4.089490825,4.089490825,0.07736576065,4.197717252,4.197717252
0.07514372898,3.98395692,3.98395692,0.07870551084,4.091081217,4.091081217
0.07642206914,3.881544247,3.881544247,0.08004526102,3.98729894,3.98729894
0.07770040929,3.782148203,3.782148203,0.08138501121,3.886290293,3.886290293
0.07897874945,3.68566804,3.68566804,0.0827247614,3.787977493,3.787977493
0.0802570896,3.592006708,3.592006708,0.08406451158,3.692285032,3.692285032
0.08153542976,3.501070712,3.501070712,0.08540426177,3.599139607,3.599139607
0.08281376991,3.412769975,3.412769975,0.08674401196,3.508470054,3.508470054
0.08409211007,3.327017703,3.327017703,0.08808376214,3.420207285,3.420207285
0.08537045022,3.243730259,3.243730259,0.08942351233,3.334284222,3.334284222
0.08664879038,3.162827038,3.162827038,0.09076326252,3.250635737,3.250635737
0.08792713053,3.084230352,3.084230352,0.0921030127,3.169198597,3.169198597
0.08920547069,3.007865315,3.007865315,0.09344276289,3.089911402,3.089911402
0.09048381084,2.933659737,2.933659737,0.09478251308,3.012714533,3.012714533
0.091762151,2.861544018,2.861544018,0.09612226327,2.937550098,2.937550098
0.09304049115,2.79145105,2.79145105,0.09746201345,2.864361878,2.864361878
0.09431883131,2.72331612,2.72331612,0.09880176364,2.793095279,2.793095279
0.09559717146,2.657076819,2.657076819,0.1001415138,2.723697284,2.723697284
0.09687551162,2.592672951,2.592672951,0.101481264,2.656116404,2.656116404
0.09815385177,2.530046453,2.530046453,0.1028210142,2.590302632,2.590302632
0.09943219193,2.46914131,2.46914131,0.1041607644,2.5262074,2.5262074
0.1007105321,2.409903481,2.409903481,0.1055005146,2.463783536,2.463783536
0.1019888722,2.352280816,2.352280816,0.1068402648,2.402985221,2.402985221
0.1032672124,2.296222995,2.296222995,0.1081800149,2.34376795,2.34376795
0.1045455525,2.24168145,2.24168145,0.1095197651,2.286088492,2.286088492
0.1058238927,2.188609304,2.188609304,0.1108595153,2.229904855,2.229904855
0.1071022329,2.136961302,2.136961302,0.1121992655,2.175176242,2.175176242
0.108380573,2.086693756,2.086693756,0.1135390157,2.121863025,2.121863025
0.1096589132,2.037764484,2.037764484,0.1148787659,2.069926703,2.069926703
0.1109372533,1.99013275,1.99013275,0.1162185161,2.019329872,2.019329872
0.1122155935,1.943759216,1.943759216,0.1175582663,1.970036191,1.970036191
0.1134939336,1.898605884,1.898605884,0.1188980164,1.922010351,1.922010351
0.1147722738,1.854636051,1.854636051,0.1202377666,1.875218046,1.875218046
0.1160506139,1.811814256,1.811814256,0.1215775168,1.829625943,1.829625943
0.1173289541,1.77010624,1.77010624,0.122917267,1.785201649,1.785201649
0.1186072942,1.729478895,1.729478895,0.1242570172,1.74191369,1.74191369
0.1198856344,1.689900227,1.689900227,0.1255967674,1.699731479,1.699731479
0.1211639746,1.651339312,1.651339312,0.1269365176,1.658625293,1.658625293
0.1224423147,1.613766257,1.613766257,0.1282762677,1.618566244,1.618566244
0.1237206549,1.577152163,1.577152163,0.1296160179,1.579526261,1.579526261
0.124998995,1.541469088,1.541469088,0.1309557681,1.541478057,1.541478057
0.1262773352,1.506690013,1.506690013,0.1322955183,1.504395113,1.504395113
0.1275556753,1.472788808,1.472788808,0.1336352685,1.468251655,1.468251655
0.1288340155,1.439740197,1.439740197,0.1349750187,1.433022629,1.433022629
0.1301123556,1.407519734,1.407519734,0.1363147689,1.398683681,1.398683681
0.1313906958,1.376103766,1.376103766,0.1376545191,1.365211139,1.365211139
0.132669036,1.345469408,1.345469408,0.1389942692,1.33258199,1.33258199
0.1339473761,1.315594513,1.315594513,0.1403340194,1.300773864,1.300773864
0.1352257163,1.28645765,1.28645765,0.1416737696,1.26976501,1.26976501
0.1365040564,1.258038074,1.258038074,0.1430135198,1.239534286,1.239534286
0.1377823966,1.230315703,1.230315703,0.14435327,1.210061134,1.210061134
0.1390607367,1.203271096,1.203271096,0.1456930202,1.181325566,1.181325566
0.1403390769,1.176885427,1.176885427,0.1470327704,1.15330815,1.15330815
0.141617417,1.151140466,1.151140466,0.1483725206,1.125989988,1.125989988
0.1428957572,1.126018559,1.126018559,0.1497122707,1.099352707,1.099352707
0.1441740973,1.101502604,1.101502604,0.1510520209,1.07337844,1.07337844
0.1454524375,1.077576034,1.077576034,0.1523917711,1.04804981,1.04804981
0.1467307777,1.054222799,1.054222799,0.1537315213,1.023349922,1.023349922
0.1480091178,1.031427346,1.031427346,0.1550712715,0.9992623417,0.9992623417
0.149287458,1.009174602,1.009174602,0.1564110217,0.975771089,0.975771089
0.1505657981,0.9874499609,0.9874499609,0.1577507719,0.95286062,0.95286062
0.1518441383,0.9662392623,0.9662392623,0.159090522,0.9305158171,0.9305158171
0.1531224784,0.9455287796,0.9455287796,0.1604302722,0.9087219757,0.9087219757
0.1544008186,0.9253052036,0.9253052036,0.1617700224,0.8874647931,0.8874647931
0.1556791587,0.905555629,0.905555629,0.1631097726,0.8667303565,0.8667303565
0.1569574989,0.8862675402,0.8862675402,0.1644495228,0.8465051322,0.8465051322
0.1582358391,0.8674287984,0.8674287984,0.165789273,0.8267759546,0.8267759546
0.1595141792,0.8490276284,0.8490276284,0.1671290232,0.807530016,0.807530016
0.1607925194,0.8310526069,0.8310526069,0.1684687734,0.788754856,0.788754856
0.1620708595,0.81349265,0.81349265,0.1698085235,0.7704383521,0.7704383521
0.1633491997,0.7963370025,0.7963370025,0.1711482737,0.7525687097,0.7525687097
0.1646275398,0.7795752264,0.7795752264,0.1724880239,0.7351344531,0.7351344531
0.16590588,0.7631971908,0.7631971908,0.1738277741,0.7181244165,0.7181244165
0.1671842201,0.7471930611,0.7471930611,0.1751675243,0.7015277349,0.7015277349
0.1684625603,0.7315532898,0.7315532898,0.1765072745,0.6853338361,0.6853338361
0.1697409004,0.7162686068,0.7162686068,0.1778470247,0.6695324321,0.6695324321
0.1710192406,0.7013300102,0.7013300102,0.1791867748,0.654113511,0.654113511
0.1722975808,0.6867287575,0.6867287575,0.180526525,0.6390673297,0.6390673297
0.1735759209,0.6724563574,0.6724563574,0.1818662752,0.6243844059,0.6243844059
0.1748542611,0.6585045615,0.6585045615,0.1832060254,0.6100555112,0.6100555112
0.1761326012,0.6448653561,0.6448653561,0.1845457756,0.5960716633,0.5960716633
0.1774109414,0.6315309553,0.6315309553,0.1858855258,0.58242412,0.58242412
0.1786892815,0.6184937931,0.6184937931,0.187225276,0.5691043717,0.5691043717
0.1799676217,0.6057465166,0.6057465166,0.1885650262,0.5561041356,0.5561041356
0.1812459618,0.5932819791,0.5932819791,0.1899047763,0.5434153486,0.5434153486
0.182524302,0.5810932337,0.5810932337,0.1912445265,0.531030162,0.531030162
0.1838026421,0.5691735267,0.5691735267,0.1925842767,0.5189409349,0.5189409349
0.1850809823,0.5575162917,0.5575162917,0.1939240269,0.5071402287,0.5071402287
0.1863593225,0.5461151437,0.5461151437,0.1952637771,0.4956208014,0.4956208014
0.1876376626,0.5349638733,0.5349638733,0.1966035273,0.4843756024,0.4843756024
0.1889160028,0.5240564413,0.5240564413,0.1979432775,0.4733977667,0.4733977667
0.1901943429,0.5133869735,0.5133869735,0.1992830277,0.4626806104,0.4626806104
0.1914726831,0.5029497553,0.5029497553,0.2006227778,0.452217625,0.452217625
0.1927510232,0.4927392268,0.4927392268,0.201962528,0.4420024733,0.4420024733
0.1940293634,0.4827499786,0.4827499786,0.2033022782,0.432028984,0.432028984
0.1953077035,0.4729767464,0.4729767464,0.2046420284,0.4222911476,0.4222911476
0.1965860437,0.463414407,0.463414407,0.2059817786,0.4127831118,0.4127831118
0.1978643839,0.4540579739,0.4540579739,0.2073215288,0.4034991771,0.4034991771
0.199142724,0.4449025933,0.4449025933,0.208661279,0.3944337926,0.3944337926
0.2004210642,0.4359435399,0.4359435399,0.2100010291,0.3855815524,0.3855815524
0.2016994043,0.4271762131,0.4271762131,0.2113407793,0.3769371908,0.3769371908
0.2029777445,0.4185961332,0.4185961332,0.2126805295,0.3684955793,0.3684955793
0.2042560846,0.410198938,0.410198938,0.2140202797,0.3602517222,0.3602517222
