n_bins,noncentrality,pairs_needed
3,1.293419648e-05,3706623
4,1.602407016e-05,3520286
5,1.892605054e-05,3432585
6,2.159230892e-05,3407624
7,2.39690043e-05,3430498
8,2.605313811e-05,3488760
9,2.786859092e-05,3572955
10,2.944822047e-05,3676322
11,3.082523449e-05,3794102
12,3.20297588e-05,3922920
13,3.308784352e-05,4060352
14,3.402150754e-05,4204624
15,3.48491698e-05,4354415
16,3.558617942e-05,4508724
17,3.624532626e-05,4666779
18,3.683728948e-05,4827978
19,3.737101519e-05,4991842
20,3.785402756e-05,5157988
